weskleymb               ->  Weskley
jhonilucasgit           ->  Jhonatann
lecassimiro             ->  Leandro
antonyotony             ->  Antonio
irancruz                ->  Iranilson
adrianoroque            ->  Adriano
jrpassarinho            ->  Passarinho
sidicleycorrea          ->  Sidicley
jsojsoliveira           ->  Jakson
alvesaci                ->  Alves
feliciano.ademir        ->  ademir
